First Name,Last Name,Age
James,Smith,21
Mary,Johnson,34
Robert,Williams,22
Patricia,Brown,30
John,Jones,19
Jennifer,Garcia,33
Michael,Miller,27
Linda,Davis,24
William,Rodriguez,20
Elizabeth,Martinez,35
David,Hernandez,29
Barbara,Lopez,18
Richard,Gonzalez,25
Susan,Wilson,32
Joseph,Anderson,28
Jessica,Thomas,22
Thomas,Taylor,31
Sarah,Moore,26
Charles,Jackson,24
Karen,Martin,27
Christopher,Lee,33
Nancy,Perez,20
Daniel,Thompson,35
Margaret,White,28
Matthew,Harris,19
Sandra,Sanchez,23
Anthony,Clark,29
Ashley,Ramirez,30
Mark,Lewis,34
Kimberly,Robinson,21
Donald,Walker,26
Emily,Young,22
Steven,Allen,19
Donna,King,32
Paul,Wright,25
Carol,Scott,21
Andrew,Torres,35
Michelle,Nguyen,30
Joshua,Hill,24
Amanda,Flores,18
Kenneth,Green,22
Melissa,Adams,34
Kevin,Nelson,31
Deborah,Baker,28
Brian,Hall,23
Stephanie,Rivera,27
George,Campbell,20
Rebecca,Mitchell,33
Edward,Carter,19
Laura,Smith,25